country,div,year,trimstr,dts,bsn,pop,pscore
Brazil,Acre,2020,"Jan-Mar
2020",1081.4285714285716,1094.8963888277763,866468.5050644106,0.9876994594770527
Brazil,Acre,2020,"Apr-Jun
2020",1480.1428571428573,1104.8245273940943,866468.5050644106,1.3397085423456443
Brazil,Acre,2020,"Jul-Sep
2020",1225.857142857143,1097.1162771323939,866468.5050644106,1.117344777767082
Brazil,Acre,2020,"Oct-Dec
2020",1168.857142857143,1105.8887197526494,866468.5050644106,1.0569392037189578
Brazil,Acre,2021,"Jan-Mar
2021",1969.857142857143,1121.5187623378565,878101.1853009473,1.7564192495102684
Brazil,Acre,2021,"Apr-Jun
2021",1450.857142857143,1147.3274068924004,878101.1853009473,1.264553722103501
Brazil,Acre,2021,"Jul-Aug
2021",780.1428571428571,769.1608209098328,878101.1853009473,1.0142779454367343
Brazil,Alagoas,2020,"Jan-Mar
2020",5146.571428571428,4926.2511579828915,3419306.9703828506,1.0447237186093348
Brazil,Alagoas,2020,"Apr-Jun
2020",7614.571428571428,5225.326441904379,3419306.9703828506,1.4572432006365301
Brazil,Alagoas,2020,"Jul-Sep
2020",5814.571428571428,5228.705202565417,3419306.9703828506,1.1120480507714534
Brazil,Alagoas,2020,"Oct-Dec
2020",5374.142857142857,4917.047978040058,3419306.9703828506,1.0929612403914344
Brazil,Alagoas,2021,"Jan-Mar
2021",6322.428571428572,4881.871310431721,3432013.098591755,1.295083005960978
Brazil,Alagoas,2021,"Apr-Jun
2021",7091.857142857143,5217.791742528449,3432013.098591755,1.3591683019952336
Brazil,Alagoas,2021,"Jul-Aug
2021",4069.285714285714,3618.2391663758276,3432013.098591755,1.1246591303586138
Brazil,Amapá,2020,"Jan-Mar
2020",865.1428571428571,901.6734690090077,842491.0382796238,0.9594857638361036
Brazil,Amapá,2020,"Apr-Jun
2020",1713,974.1096968446947,842491.0382796238,1.7585288449018581
Brazil,Amapá,2020,"Jul-Sep
2020",928.4285714285714,924.793019397595,842491.0382796238,1.003931206177729
Brazil,Amapá,2020,"Oct-Dec
2020",1094.7142857142858,894.29191224372,842491.0382796238,1.2241129218844427
Brazil,Amapá,2021,"Jan-Mar
2021",1266.5714285714287,929.1464015493747,856942.8080808095,1.3631559315726665
Brazil,Amapá,2021,"Apr-Jun
2021",1460.2857142857142,1021.3790917575991,856942.8080808095,1.4297196076070446
Brazil,Amapá,2021,"Jul-Aug
2021",691,664.1725155505525,856942.8080808095,1.040392343587433
Brazil,Amazonas,2020,"Jan-Mar
2020",4637.571428571428,4594.1562483641155,4238594.868327024,1.0094500878638537
Brazil,Amazonas,2020,"Apr-Jun
2020",9229.857142857143,4763.649204857563,4238594.868327024,1.9375602077175043
Brazil,Amazonas,2020,"Jul-Sep
2020",4981.714285714286,4659.204332167024,4238594.868327024,1.069219963443256
Brazil,Amazonas,2020,"Oct-Dec
2020",5616.285714285714,4552.563553849597,4238594.868327024,1.2336534455486392
Brazil,Amazonas,2021,"Jan-Mar
2021",12689,4645.2578860419035,4293257.7561658705,2.731602918780457
Brazil,Amazonas,2021,"Apr-Jun
2021",5607.571428571428,4881.999221684729,4293257.7561658705,1.1486219423517876
Brazil,Amazonas,2021,"Jul-Aug
2021",3477.8571428571427,3243.6034133304083,4293257.7561658705,1.072220213039612
Brazil,Bahia,2020,"Jan-Mar
2020",23189.714285714286,23081.926590238298,15521324.8348771,1.0046697876390256
Brazil,Bahia,2020,"Apr-Jun
2020",27549.428571428572,23866.849499178814,15521324.8348771,1.15429682381734
Brazil,Bahia,2020,"Jul-Sep
2020",28843,24137.60160349824,15521324.8348771,1.1949405940903346
Brazil,Bahia,2020,"Oct-Dec
2020",26766.857142857145,23265.681235545482,15521324.8348771,1.1504867135359242
Brazil,Bahia,2021,"Jan-Mar
2021",29623.285714285717,23240.092693119328,15572184.18433847,1.2746629759809975
Brazil,Bahia,2021,"Apr-Jun
2021",31474.714285714283,24183.699305020426,15572184.18433847,1.3014846855617443
Brazil,Bahia,2021,"Jul-Aug
2021",18815,16945.859588743886,15572184.18433847,1.1103007139571528
Brazil,Ceará,2020,"Jan-Mar
2020",15071,14843.538503776239,9176953.949442582,1.0153239401889176
Brazil,Ceará,2020,"Apr-Jun
2020",23133.428571428572,15662.46086412327,9176953.949442582,1.4769983320065905
Brazil,Ceará,2020,"Jul-Sep
2020",16069.142857142857,14069.087982237743,9176953.949442582,1.1421595257226473
Brazil,Ceará,2020,"Oct-Dec
2020",15197.428571428572,14088.312445974429,9176953.949442582,1.0787259744350048
Brazil,Ceará,2021,"Jan-Mar
2021",19893.571428571428,14695.0120486586,9224395.906944105,1.353763533006927
Brazil,Ceará,2021,"Apr-Jun
2021",24006.714285714286,15958.880336695862,9224395.906944105,1.504285625258636
Brazil,Ceará,2021,"Jul-Aug
2021",10089.714285714286,9653.454306467082,9224395.906944105,1.0451921110720899
Brazil,Distrito Federal,2020,"Jan-Mar
2020",3571,3598.0707135870493,3221327.5222019814,0.9924763253026616
Brazil,Distrito Federal,2020,"Apr-Jun
2020",4126.142857142857,3800.986071331864,3221327.5222019814,1.0855453768335064
Brazil,Distrito Federal,2020,"Jul-Sep
2020",6083.714285714286,3735.6280764430185,3221327.5222019814,1.62856530715099
Brazil,Distrito Federal,2020,"Oct-Dec
2020",4350.285714285715,3592.722485319089,3221327.5222019814,1.2108604914691434
Brazil,Distrito Federal,2021,"Jan-Mar
2021",5487.714285714286,3559.8900758868376,3279991.616793198,1.541540375891295
Brazil,Distrito Federal,2021,"Apr-Jun
2021",6477.428571428572,3815.7028702833295,3279991.616793198,1.697571533117724
Brazil,Distrito Federal,2021,"Jul-Aug
2021",3248.7142857142853,2549.7470490227797,3279991.616793198,1.2741319916261469
Brazil,Espírito Santo,2020,"Jan-Mar
2020",6099.714285714286,6032.539704991451,4137531.3274909128,1.0111353731608685
Brazil,Espírito Santo,2020,"Apr-Jun
2020",7787.285714285715,6382.131782157349,4137531.3274909128,1.2201699964981578
Brazil,Espírito Santo,2020,"Jul-Sep
2020",7761.428571428572,6445.243568653263,4137531.3274909128,1.2042102813889974
Brazil,Espírito Santo,2020,"Oct-Dec
2020",7559.857142857143,6073.890242825893,4137531.3274909128,1.2446482963346897
Brazil,Espírito Santo,2021,"Jan-Mar
2021",8640.857142857143,6071.923975751952,4175821.989127654,1.4230838820387326
Brazil,Espírito Santo,2021,"Apr-Jun
2021",9934.857142857143,6467.85222280663,4175821.989127654,1.5360365080428595
Brazil,Espírito Santo,2021,"Jul-Aug
2021",4977,4517.069661590158,4175821.989127654,1.1018205103899
Brazil,Goiás,2020,"Jan-Mar
2020",9664.857142857143,9633.954359453468,7015288.19477088,1.0032076946029282
Brazil,Goiás,2020,"Apr-Jun
2020",10149.714285714286,10338.791192847328,7015288.19477088,0.9817118942044356
Brazil,Goiás,2020,"Jul-Sep
2020",14993.57142857143,10093.602290796756,7015288.19477088,1.4854529628378974
Brazil,Goiás,2020,"Oct-Dec
2020",11713.142857142857,9912.139793700215,7015288.19477088,1.1816966972749205
Brazil,Goiás,2021,"Jan-Mar
2021",16047.285714285714,9672.096185591157,7090682.771899236,1.6591321474027407
Brazil,Goiás,2021,"Apr-Jun
2021",16588.857142857145,10528.332917856265,7090682.771899236,1.5756394931928974
Brazil,Goiás,2021,"Jul-Aug
2021",10659.142857142857,6948.7503373006,7090682.771899236,1.5339654383501196
Brazil,Maranhão,2020,"Jan-Mar
2020",9042.142857142857,8863.43786298505,7120114.506524686,1.0201620406122667
Brazil,Maranhão,2020,"Apr-Jun
2020",14147.428571428572,9188.470211279655,7120114.506524686,1.539693577507751
Brazil,Maranhão,2020,"Jul-Sep
2020",10242.857142857143,8597.613317155112,7120114.506524686,1.19136052820836
Brazil,Maranhão,2020,"Oct-Dec
2020",8980.857142857143,8383.061776072263,7120114.506524686,1.0713099083310067
Brazil,Maranhão,2021,"Jan-Mar
2021",11504.571428571428,8792.878317155884,7154817.165235923,1.3083965242786004
Brazil,Maranhão,2021,"Apr-Jun
2021",12944.142857142857,9323.912893851353,7154817.165235923,1.388273679141604
Brazil,Maranhão,2021,"Jul-Aug
2021",6740.142857142857,5906.153148320692,7154817.165235923,1.1412069223195296
Brazil,Mato Grosso,2020,"Jan-Mar
2020",4725.571428571428,4610.421670174106,3454085.9263860835,1.0249759711009196
Brazil,Mato Grosso,2020,"Apr-Jun
2020",5289.142857142857,4866.386107881295,3454085.9263860835,1.0868728333283895
Brazil,Mato Grosso,2020,"Jul-Sep
2020",7574.428571428572,4847.965546623604,3454085.9263860835,1.5623932345608005
Brazil,Mato Grosso,2020,"Oct-Dec
2020",5815.428571428572,4660.432639444018,3454085.9263860835,1.2478301954649307
Brazil,Mato Grosso,2021,"Jan-Mar
2021",7848.428571428572,4645.472542819006,3488118.5597684365,1.689479057100598
Brazil,Mato Grosso,2021,"Apr-Jun
2021",8905.57142857143,4973.402927784727,3488118.5597684365,1.7906394390084508
Brazil,Mato Grosso,2021,"Jul-Aug
2021",4770.285714285714,3337.325344512563,3488118.5597684365,1.42937389131968
Brazil,Mato Grosso do Sul,2020,"Jan-Mar
2020",4072.2857142857147,4019.278053379425,2799908.284859093,1.0131883537795352
Brazil,Mato Grosso do Sul,2020,"Apr-Jun
2020",4011.4285714285716,4453.745649913374,2799908.284859093,0.9006864977811642
Brazil,Mato Grosso do Sul,2020,"Jul-Sep
2020",5644.571428571428,4476.970009417749,2799908.284859093,1.2608017066671242
Brazil,Mato Grosso do Sul,2020,"Oct-Dec
2020",5126.285714285714,4072.1695142086364,2799908.284859093,1.2588586247205695
Brazil,Mato Grosso do Sul,2021,"Jan-Mar
2021",6092.142857142857,4027.117122448415,2826654.3238674933,1.5127801531232703
Brazil,Mato Grosso do Sul,2021,"Apr-Jun
2021",8092.714285714286,4501.017079047631,2826654.3238674933,1.7979745785427281
Brazil,Mato Grosso do Sul,2021,"Jul-Aug
2021",4261,3142.208235254103,2826654.3238674933,1.3560527122911774
Brazil,Minas Gerais,2020,"Jan-Mar
2020",34225.42857142857,33723.60422921272,21448427.704091277,1.0148805073978764
Brazil,Minas Gerais,2020,"Apr-Jun
2020",34680.42857142857,36994.30965153608,21448427.704091277,0.9374530542155574
Brazil,Minas Gerais,2020,"Jul-Sep
2020",41784.857142857145,37770.923108134666,21448427.704091277,1.1062704775107284
Brazil,Minas Gerais,2020,"Oct-Dec
2020",40238,34524.13076780579,21448427.704091277,1.165503637749005
Brazil,Minas Gerais,2021,"Jan-Mar
2021",50121.71428571429,33928.87430117673,21546810.16713995,1.4772583917992221
Brazil,Minas Gerais,2021,"Apr-Jun
2021",56320.71428571429,37250.68443458142,21546810.16713995,1.51193770371181
Brazil,Minas Gerais,2021,"Jul-Aug
2021",31192.428571428572,26714.8712019236,21546810.16713995,1.1676054260438495
Brazil,Pará,2020,"Jan-Mar
2020",10568,10492.458781540396,8626532.777705215,1.0071995725723035
Brazil,Pará,2020,"Apr-Jun
2020",18596.714285714286,10838.35729372688,8626532.777705215,1.7158240664826445
Brazil,Pará,2020,"Jul-Sep
2020",11342.57142857143,10279.77520360296,8626532.777705215,1.1033871075892758
Brazil,Pará,2020,"Oct-Dec
2020",10802.57142857143,10320.12595077527,8626532.777705215,1.046748022271949
Brazil,Pará,2021,"Jan-Mar
2021",14856.428571428572,10556.297132583864,8706579.9548095,1.4073522547571722
Brazil,Pará,2021,"Apr-Jun
2021",14607.571428571428,11148.65317315219,8706579.9548095,1.310254360028787
Brazil,Pará,2021,"Jul-Aug
2021",7414.285714285714,7096.099076205518,8706579.9548095,1.044839655515399
Brazil,Paraíba,2020,"Jan-Mar
2020",6679.714285714286,6710.421279399201,4097212.0531617645,0.995423984217029
Brazil,Paraíba,2020,"Apr-Jun
2020",8524.57142857143,7207.099920470662,4097212.0531617645,1.1828018929443023
Brazil,Paraíba,2020,"Jul-Sep
2020",8044.142857142857,6812.155165849455,4097212.0531617645,1.1808513842241255
Brazil,Paraíba,2020,"Oct-Dec
2020",7501.285714285715,6513.519191477322,4097212.0531617645,1.1516486700616229
Brazil,Paraíba,2021,"Jan-Mar
2021",8822.142857142857,6615.769522203505,4118970.10235148,1.33350214627859
Brazil,Paraíba,2021,"Apr-Jun
2021",10145,7221.442241288897,4118970.10235148,1.4048440271384488
Brazil,Paraíba,2021,"Jul-Aug
2021",5229.857142857143,4710.084794428518,4118970.10235148,1.110353076667209
Brazil,Paraná,2020,"Jan-Mar
2020",18143.14285714286,17666.85338260268,11536575.369102301,1.0269594966475015
Brazil,Paraná,2020,"Apr-Jun
2020",18989.714285714286,19838.993949036067,11536575.369102301,0.9571913946088458
Brazil,Paraná,2020,"Jul-Sep
2020",22964.14285714286,20466.597773300917,11536575.369102301,1.1220303008592878
Brazil,Paraná,2020,"Oct-Dec
2020",22467,18283.493200116427,11536575.369102301,1.2288133210702281
Brazil,Paraná,2021,"Jan-Mar
2021",29164.571428571428,17644.71434357806,11601335.340264453,1.652878638932804
Brazil,Paraná,2021,"Apr-Jun
2021",35276.28571428571,19831.97028277748,11601335.340264453,1.7787585001032606
Brazil,Paraná,2021,"Jul-Aug
2021",18835.428571428572,14428.418874737032,11601335.340264453,1.3054395450362097
Brazil,Pernambuco,2020,"Jan-Mar
2020",16374.428571428572,16262.339200031949,9648998.997897556,1.00689257369545
Brazil,Pernambuco,2020,"Apr-Jun
2020",23450.571428571428,16385.81944865892,9648998.997897556,1.431150361570151
Brazil,Pernambuco,2020,"Jul-Sep
2020",18542.142857142855,15955.135290641065,9648998.997897556,1.1621426280239235
Brazil,Pernambuco,2020,"Oct-Dec
2020",18588.428571428572,15712.586292816988,9648998.997897556,1.1830279385594387
Brazil,Pernambuco,2021,"Jan-Mar
2021",20006.714285714286,16033.463142872413,9703317.819114983,1.2478099152651347
Brazil,Pernambuco,2021,"Apr-Jun
2021",24994.571428571428,16375.040388496069,9703317.819114983,1.5263822766587387
Brazil,Pernambuco,2021,"Jul-Aug
2021",12714.428571428572,10910.279753926146,9703317.819114983,1.165362287511756
Brazil,Piauí,2020,"Jan-Mar
2020",5380.714285714286,5288.20427969713,3233781.371234979,1.0174936521216338
Brazil,Piauí,2020,"Apr-Jun
2020",6115.571428571428,5701.655587974927,3233781.371234979,1.0725957284178074
Brazil,Piauí,2020,"Jul-Sep
2020",6746,5256.0861609072845,3233781.371234979,1.283464500672404
Brazil,Piauí,2020,"Oct-Dec
2020",6049,5328.118230715464,3233781.371234979,1.1352976300579831
Brazil,Piauí,2021,"Jan-Mar
2021",6948.857142857143,5262.884731683902,3237138.319321347,1.3203513846737436
Brazil,Piauí,2021,"Apr-Jun
2021",7881.285714285714,5818.599967939764,3237138.319321347,1.354498635017231
Brazil,Piauí,2021,"Jul-Aug
2021",4019.4285714285716,3582.793950941523,3237138.319321347,1.1218698664968734
Brazil,Rio de Janeiro,2020,"Jan-Mar
2020",35111.42857142857,35469.60380852116,16944530.180615164,0.9899019104068328
Brazil,Rio de Janeiro,2020,"Apr-Jun
2020",50994.28571428571,38330.56826393496,16944530.180615164,1.3303816777030664
Brazil,Rio de Janeiro,2020,"Jul-Sep
2020",40061.42857142857,37251.04427265724,16944530.180615164,1.0754444433342825
Brazil,Rio de Janeiro,2020,"Oct-Dec
2020",45070.57142857143,35451.902231215034,16944530.180615164,1.2713160251493432
Brazil,Rio de Janeiro,2021,"Jan-Mar
2021",47794.28571428571,35718.90791357312,17011608.997843903,1.3380668252772634
Brazil,Rio de Janeiro,2021,"Apr-Jun
2021",53776.57142857143,38762.759408025464,17011608.997843903,1.3873256767534845
Brazil,Rio de Janeiro,2021,"Jul-Aug
2021",32103.285714285714,26187.226438241472,17011608.997843903,1.2259139313587237
Brazil,Rio Grande do Norte,2020,"Jan-Mar
2020",5486.285714285715,5588.5451781823795,3597451.5132740745,0.9817019527200237
Brazil,Rio Grande do Norte,2020,"Apr-Jun
2020",6977.142857142857,5879.020408119196,3597451.5132740745,1.1867866366830608
Brazil,Rio Grande do Norte,2020,"Jul-Sep
2020",6396.857142857143,5402.923417901542,3597451.5132740745,1.1839622086188366
Brazil,Rio Grande do Norte,2020,"Oct-Dec
2020",5721.285714285715,5207.474344885281,3597451.5132740745,1.0986680558311521
Brazil,Rio Grande do Norte,2021,"Jan-Mar
2021",7259,5540.724819049485,3625812.9485703683,1.3101174010741228
Brazil,Rio Grande do Norte,2021,"Apr-Jun
2021",7992.571428571429,5982.049718252877,3625812.9485703683,1.3360924440637627
Brazil,Rio Grande do Norte,2021,"Jul-Aug
2021",3823.4285714285716,3743.4122531423777,3625812.9485703683,1.0213752354470242
Brazil,Rio Grande do Sul,2020,"Jan-Mar
2020",20123,20501.761555227225,11416111.52545379,0.981525414086642
Brazil,Rio Grande do Sul,2020,"Apr-Jun
2020",21055.142857142855,23660.06611800071,11416111.52545379,0.8899021140572378
Brazil,Rio Grande do Sul,2020,"Jul-Sep
2020",26435.428571428572,25474.39402726932,11416111.52545379,1.0377255114736195
Brazil,Rio Grande do Sul,2020,"Oct-Dec
2020",24746.142857142855,21816.09174551878,11416111.52545379,1.1343068752094854
Brazil,Rio Grande do Sul,2021,"Jan-Mar
2021",33115.42857142857,20622.638202445734,11441611.455693223,1.6057804169546679
Brazil,Rio Grande do Sul,2021,"Apr-Jun
2021",32955.857142857145,23677.336184813794,11441611.455693223,1.3918735150618178
Brazil,Rio Grande do Sul,2021,"Jul-Aug
2021",19000.285714285717,18243.848655590406,11441611.455693223,1.04146258133223
Brazil,Rondônia,2020,"Jan-Mar
2020",2072.714285714286,2066.3925559917325,1857517.8400345151,1.0030593072474165
Brazil,Rondônia,2020,"Apr-Jun
2020",2670.857142857143,2162.0044708221076,1857517.8400345151,1.2353615262606479
Brazil,Rondônia,2020,"Jul-Sep
2020",2974.5714285714284,2138.3202269369885,1857517.8400345151,1.3910785630234241
Brazil,Rondônia,2020,"Oct-Dec
2020",2560.1428571428573,2073.004033683735,1857517.8400345151,1.2349917393037944
Brazil,Rondônia,2021,"Jan-Mar
2021",4642.285714285715,2054.192047332782,1873558.6727470914,2.2599083276139558
Brazil,Rondônia,2021,"Apr-Jun
2021",3991.4285714285716,2191.287165388069,1873558.6727470914,1.8214995434985375
Brazil,Rondônia,2021,"Jul-Aug
2021",1787,1443.3374300578685,1873558.6727470914,1.23810272136319
Brazil,Roraima,2020,"Jan-Mar
2020",707.1428571428571,702.1306725057655,546666.631937717,1.0071385353657947
Brazil,Roraima,2020,"Apr-Jun
2020",1210.2857142857142,771.5012649197773,546666.631937717,1.5687410628050789
Brazil,Roraima,2020,"Jul-Sep
2020",831.2857142857142,824.4003528424483,546666.631937717,1.0083519632415558
Brazil,Roraima,2020,"Oct-Dec
2020",759.4285714285714,773.3406655234494,546666.631937717,0.9820103937176752
Brazil,Roraima,2021,"Jan-Mar
2021",1320.4285714285713,753.4331171005521,554299.5115144547,1.7525491532811783
Brazil,Roraima,2021,"Apr-Jun
2021",1054.4285714285716,826.1902725422094,554299.5115144547,1.2762539168901939
Brazil,Roraima,2021,"Jul-Aug
2021",665.2857142857142,607.5430365043874,554299.5115144547,1.0950429423297485
Brazil,Santa Catarina,2020,"Jan-Mar
2020",10103.428571428572,10040.92090455897,7263723.306948718,1.0062252922280486
Brazil,Santa Catarina,2020,"Apr-Jun
2020",10148,11128.963655899694,7263723.306948718,0.9118548962661348
Brazil,Santa Catarina,2020,"Jul-Sep
2020",13238.142857142859,11726.615643355368,7263723.306948718,1.1288971396145284
Brazil,Santa Catarina,2020,"Oct-Dec
2020",12881.285714285714,10677.312215417827,7263723.306948718,1.2064165076755358
Brazil,Santa Catarina,2021,"Jan-Mar
2021",16371.428571428572,10187.302142669181,7347781.2215510355,1.6070426048185398
Brazil,Santa Catarina,2021,"Apr-Jun
2021",16955.428571428572,11277.12794353637,7347781.2215510355,1.5035236503764944
Brazil,Santa Catarina,2021,"Jul-Aug
2021",9761.428571428572,8352.919528206461,7347781.2215510355,1.1686247590995944
Brazil,São Paulo,2020,"Jan-Mar
2020",74902.71428571429,73671.42720788761,46056183.1670388,1.0167132241696935
Brazil,São Paulo,2020,"Apr-Jun
2020",92330.28571428571,81606.15469770576,46056183.1670388,1.1314132623489666
Brazil,São Paulo,2020,"Jul-Sep
2020",96189.28571428571,81656.3134696779,46056183.1670388,1.177977325047921
Brazil,São Paulo,2020,"Oct-Dec
2020",86988.14285714286,75269.87654152856,46056183.1670388,1.1556833470976797
Brazil,São Paulo,2021,"Jan-Mar
2021",113798.71428571429,73817.3450957605,46349793.189132676,1.5416256726395057
Brazil,São Paulo,2021,"Apr-Jun
2021",134879.2857142857,82047.67752930624,46349793.189132676,1.643913511946865
Brazil,São Paulo,2021,"Jul-Aug
2021",71987.42857142858,57445.2471411116,46349793.189132676,1.253148557174709
Brazil,Sergipe,2020,"Jan-Mar
2020",3546.857142857143,3368.0185046199713,2351616.5470419372,1.0530990664071043
Brazil,Sergipe,2020,"Apr-Jun
2020",4177.714285714286,3523.001203649402,2351616.5470419372,1.1858395851204027
Brazil,Sergipe,2020,"Jul-Sep
2020",4566.714285714285,3433.1197485238913,2351616.5470419372,1.3301937072476997
Brazil,Sergipe,2020,"Oct-Dec
2020",3679.4285714285716,3330.9098993924226,2351616.5470419372,1.1046316719944063
Brazil,Sergipe,2021,"Jan-Mar
2021",4067.714285714286,3318.2567951855153,2371682.95080413,1.2258587977929147
Brazil,Sergipe,2021,"Apr-Jun
2021",5504.857142857143,3509.2010335578075,2371682.95080413,1.568692443155939
Brazil,Sergipe,2021,"Jul-Aug
2021",2597.714285714286,2347.6984323680226,2371682.95080413,1.1064940240617203
Brazil,Tocantins,2020,"Jan-Mar
2020",1963.2857142857144,2016.5096939233285,1598866.8524920554,0.9736058895238627
Brazil,Tocantins,2020,"Apr-Jun
2020",2106.714285714286,2091.929824590742,1598866.8524920554,1.007067379101226
Brazil,Tocantins,2020,"Jul-Sep
2020",2949,2053.663448541979,1598866.8524920554,1.4359704371685997
Brazil,Tocantins,2020,"Oct-Dec
2020",2239.4285714285716,2049.1171956883627,1598866.8524920554,1.0928748126952677
Brazil,Tocantins,2021,"Jan-Mar
2021",3061.4285714285716,2026.9911370855625,1614098.2614280798,1.5103315033879914
Brazil,Tocantins,2021,"Apr-Jun
2021",3441.857142857143,2142.4463253884446,1614098.2614280798,1.6065079913883507
Brazil,Tocantins,2021,"Jul-Aug
2021",1880.1428571428573,1393.5923423442587,1614098.2614280798,1.3491340329698842
Colombia,Amazonas,2020,"Jan-Mar
2020",69.59224054081582,56.567572813652404,78955.25919535672,1.2302497186872399
Colombia,Amazonas,2020,"Apr-Jun
2020",170.03047174500387,54.32032460141848,78955.25919535672,3.1301446188442665
Colombia,Amazonas,2020,"Jul-Sep
2020",100.70863485932219,53.6278209997739,78955.25919535672,1.8779177110281393
Colombia,Amazonas,2020,"Oct-Dec
2020",71.21169871705095,60.68118756319992,78955.25919535672,1.1735383168446303
Colombia,Amazonas,2021,"Jan-Mar
2021",172.13118761634297,56.92364287629951,80363.51154957259,3.0238962040851884
Colombia,Amazonas,2021,"Apr-Jun
2021",84.94830194768028,56.51041482373504,80363.51154957259,1.5032326733514083
Colombia,Amazonas,2021,"Jul-Aug
2021",39.35336435391645,35.31595543231017,80363.51154957259,1.1143225171790907
Colombia,Antioquia,2020,"Jan-Mar
2020",8582.945951883787,8846.189559330012,6672469.584306846,0.9702421471210071
Colombia,Antioquia,2020,"Apr-Jun
2020",7673.99447750101,8922.408900784998,6672469.584306846,0.8600810120712858
Colombia,Antioquia,2020,"Jul-Sep
2020",11837.89674749292,8892.910386648713,6672469.584306846,1.331161142168444
Colombia,Antioquia,2020,"Oct-Dec
2020",11947.991586511112,9397.709750711849,6672469.584306846,1.2713726964812984
Colombia,Antioquia,2021,"Jan-Mar
2021",11421.265356360327,9102.260884869089,6775956.713781777,1.2547723582990438
Colombia,Antioquia,2021,"Apr-Jun
2021",17176.492723941767,9185.849370037084,6775956.713781777,1.8698861729617524
Colombia,Antioquia,2021,"Jul-Aug
2021",8400.874491014407,6225.049365972642,6775956.713781777,1.3495273687201998
Colombia,Arauca,2020,"Jan-Mar
2020",302.75552586050827,317.5397003800577,293699.96853658755,0.9534414925067496
Colombia,Arauca,2020,"Apr-Jun
2020",249.09293179551366,313.7963993940375,293699.96853658755,0.7938043020140744
Colombia,Arauca,2020,"Jul-Sep
2020",389.6533550890075,335.53379330106026,293699.96853658755,1.1612939229026868
Colombia,Arauca,2020,"Oct-Dec
2020",422.86318341884964,329.5593156440633,293699.96853658755,1.2831170698131869
Colombia,Arauca,2021,"Jan-Mar
2021",367.49431298550434,327.4492485177762,300958.5783390326,1.1222939574575148
Colombia,Arauca,2021,"Apr-Jun
2021",470.706599203562,325.61945010057224,300958.5783390326,1.4455727354682821
Colombia,Arauca,2021,"Jul-Aug
2021",330.84476015478594,219.28266549912752,300958.5783390326,1.5087592965988563
Colombia,Atlantico,2020,"Jan-Mar
2020",3336.653804382875,3371.4404556551062,2718958.4489870695,0.9896819618410043
Colombia,Atlantico,2020,"Apr-Jun
2020",6024.062121358922,3421.0617572923475,2718958.4489870695,1.7608749998499762
Colombia,Atlantico,2020,"Jul-Sep
2020",5345.288373964764,3564.618787689091,2718958.4489870695,1.499539976736212
Colombia,Atlantico,2020,"Oct-Dec
2020",3863.092193186684,3558.0899660320265,2718958.4489870695,1.085720774366702
Colombia,Atlantico,2021,"Jan-Mar
2021",4906.555719576412,3451.3511346943415,2768659.8269389444,1.4216333047813596
Colombia,Atlantico,2021,"Apr-Jun
2021",9317.636493345464,3502.2343076480843,2768659.8269389444,2.6604834727927433
Colombia,Atlantico,2021,"Jul-Aug
2021",2761.3307665730927,2476.234079598352,2768659.8269389444,1.1151331731210903
Colombia,Bogota,2020,"Jan-Mar
2020",8264.53438575675,8486.095937163585,7738285.865144243,0.9738912271264174
Colombia,Bogota,2020,"Apr-Jun
2020",8773.003726352552,8969.239787723336,7738285.865144243,0.9781212158426869
Colombia,Bogota,2020,"Jul-Sep
2020",15681.932065061628,8726.692212571827,7738285.865144243,1.7970075812310604
Colombia,Bogota,2020,"Oct-Dec
2020",12014.252918201213,8902.344843817122,7738285.865144243,1.3495604954626512
Colombia,Bogota,2021,"Jan-Mar
2021",13427.609033836525,8627.506677162532,7829401.790711621,1.5563719086280303
Colombia,Bogota,2021,"Apr-Jun
2021",19704.343079107195,9136.885919771867,7829401.790711621,2.1565709862336973
Colombia,Bogota,2021,"Jul-Aug
2021",9294.80815922706,6097.410482032688,7829401.790711621,1.5243861614067449
Colombia,Bolivar,2020,"Jan-Mar
2020",2270.138567038412,2359.329068133674,2179024.4950849176,0.962196667561166
Colombia,Bolivar,2020,"Apr-Jun
2020",3565.1271466552953,2455.1462352198787,2179024.4950849176,1.4521037873477254
Colombia,Bolivar,2020,"Jul-Sep
2020",3782.429918128903,2597.832249907134,2179024.4950849176,1.4559946733527984
Colombia,Bolivar,2020,"Oct-Dec
2020",2934.7208952445208,2603.18390205763,2179024.4950849176,1.1273582680519938
Colombia,Bolivar,2021,"Jan-Mar
2021",2816.2796034327184,2463.9540474161577,2211334.000056489,1.1429919346044741
Colombia,Bolivar,2021,"Apr-Jun
2021",4311.191672341936,2558.366073803906,2211334.000056489,1.6851347883658578
Colombia,Bolivar,2021,"Jul-Aug
2021",2225.576083258994,1831.2980820575049,2211334.000056489,1.2152997401485337
Colombia,Boyaca,2020,"Jan-Mar
2020",1666.8010934912934,1642.6724545717452,1242240.500723881,1.014688648885781
Colombia,Boyaca,2020,"Apr-Jun
2020",1587.3478428641595,1737.2216979508312,1242240.500723881,0.9137278475951239
Colombia,Boyaca,2020,"Jul-Sep
2020",1899.4754213001422,1734.3828963661285,1242240.500723881,1.0951880494669977
Colombia,Boyaca,2020,"Oct-Dec
2020",2342.444765350112,1668.748911550153,1242240.500723881,1.4037131345147316
Colombia,Boyaca,2021,"Jan-Mar
2021",2377.951983857832,1645.0579685509554,1251139.3929423743,1.44551257725735
Colombia,Boyaca,2021,"Apr-Jun
2021",2922.7353855869587,1741.7332973582972,1251139.3929423743,1.6780613828878956
Colombia,Boyaca,2021,"Jul-Aug
2021",1683.176412005951,1206.6829815683204,1251139.3929423743,1.3948787193620102
Colombia,Caldas,2020,"Jan-Mar
2020",1545.20017468298,1585.3124634860114,1018002.1840171723,0.974697550339807
Colombia,Caldas,2020,"Apr-Jun
2020",1379.88700274981,1522.060720951807,1018002.1840171723,0.9065912967564855
Colombia,Caldas,2020,"Jul-Sep
2020",1712.693729379636,1539.7122878499729,1018002.1840171723,1.1123466006569391
Colombia,Caldas,2020,"Oct-Dec
2020",2272.9091047613656,1615.5278637524352,1018002.1840171723,1.4069142078936423
Colombia,Caldas,2021,"Jan-Mar
2021",2068.5707595874483,1600.024578494048,1026740.8208298112,1.2928368647526642
Colombia,Caldas,2021,"Apr-Jun
2021",2644.1380088793744,1539.066946964071,1026740.8208298112,1.7180136407289768
Colombia,Caldas,2021,"Jul-Aug
2021",1524.9410406872921,1051.276940376835,1026740.8208298112,1.4505607248844155
Colombia,Caqueta,2020,"Jan-Mar
2020",478.009843265601,476.4393169337566,410320.4096840354,1.003296382720788
Colombia,Caqueta,2020,"Apr-Jun
2020",359.8623941439843,466.6661252359556,410320.4096840354,0.7711345964141512
Colombia,Caqueta,2020,"Jul-Sep
2020",845.8778478431411,459.3823273779263,410320.4096840354,1.8413373728834181
Colombia,Caqueta,2020,"Oct-Dec
2020",769.9257432992324,449.87435785396406,410320.4096840354,1.7114239339446011
Colombia,Caqueta,2021,"Jan-Mar
2021",572.3036562563989,481.2835201422933,414551.4608861029,1.1891195777640489
Colombia,Caqueta,2021,"Apr-Jun
2021",647.9174439949797,475.184889965838,414551.4608861029,1.3635059903557956
Colombia,Caqueta,2021,"Jul-Aug
2021",540.8225881032946,323.583959098704,414551.4608861029,1.671351662825553
Colombia,Casanare,2020,"Jan-Mar
2020",406.9174177872675,404.63076950537277,434933.6836129949,1.0056511972252875
Colombia,Casanare,2020,"Apr-Jun
2020",364.9905560410907,389.5994250363731,434933.6836129949,0.9368354586432337
Colombia,Casanare,2020,"Jul-Sep
2020",466.1143504609274,400.512288228709,434933.6836129949,1.1637953794684994
Colombia,Casanare,2020,"Oct-Dec
2020",563.3789244675205,399.2018103603299,434933.6836129949,1.4112634508320494
Colombia,Casanare,2021,"Jan-Mar
2021",522.9448075014319,418.5658152210559,439030.5280669345,1.249372950405065
Colombia,Casanare,2021,"Apr-Jun
2021",867.7983036543185,404.7674800746995,439030.5280669345,2.1439427483012397
Colombia,Casanare,2021,"Jul-Aug
2021",485.70898951730624,284.14372275024937,439030.5280669345,1.709377862780465
Colombia,Cauca,2020,"Jan-Mar
2020",1567.044418929251,1663.494927951488,1491319.4493380086,0.9420193549126049
Colombia,Cauca,2020,"Apr-Jun
2020",1552.5836407201068,1700.5450796997973,1491319.4493380086,0.9129917573218285
Colombia,Cauca,2020,"Jul-Sep
2020",2144.7602106846625,1693.2911232058009,1491319.4493380086,1.266622248998816
Colombia,Cauca,2020,"Oct-Dec
2020",2169.74637618718,1728.7348341488496,1491319.4493380086,1.2551065283852305
Colombia,Cauca,2021,"Jan-Mar
2021",2186.6587527420706,1712.1878229970825,1503269.2655244602,1.2771138325901974
Colombia,Cauca,2021,"Apr-Jun
2021",2320.770738258117,1761.1320280194398,1503269.2655244602,1.3177721495804289
Colombia,Cauca,2021,"Jul-Aug
2021",1880.1959273697184,1192.630895607856,1503269.2655244602,1.5765111689576234
Colombia,Cesar,2020,"Jan-Mar
2020",1273.7178819684166,1299.20855421967,1293712.9742143294,0.9803798457388054
Colombia,Cesar,2020,"Apr-Jun
2020",1227.4919834354669,1316.9203933479805,1293712.9742143294,0.9320927746549952
Colombia,Cesar,2020,"Jul-Sep
2020",2072.842978553573,1320.0027655573986,1293712.9742143294,1.5703322997798965
Colombia,Cesar,2020,"Oct-Dec
2020",1712.0542993944962,1388.3733453857012,1293712.9742143294,1.2331368252527737
Colombia,Cesar,2021,"Jan-Mar
2021",1640.158513644466,1352.4388681616683,1321032.619096239,1.212741331424382
Colombia,Cesar,2021,"Apr-Jun
2021",2626.7970576999287,1361.058951837484,1321032.619096239,1.9299656742668254
Colombia,Cesar,2021,"Jul-Aug
2021",1275.1744166459641,937.9590303821644,1321032.619096239,1.3595203791858625
Colombia,Choco,2020,"Jan-Mar
2020",411.6563201796138,382.35462931526314,544537.5976188029,1.0766348531383687
Colombia,Choco,2020,"Apr-Jun
2020",520.6571166270744,383.06861922454925,544537.5976188029,1.3591745460148819
Colombia,Choco,2020,"Jul-Sep
2020",535.4378208005403,385.8173826804489,544537.5976188029,1.3878011848004623
Colombia,Choco,2020,"Oct-Dec
2020",461.2686071171815,379.0106782601522,544537.5976188029,1.2170332752486925
Colombia,Choco,2021,"Jan-Mar
2021",461.56796955569735,386.1130113338438,548940.4927207272,1.195421951622897
Colombia,Choco,2021,"Apr-Jun
2021",685.3791357691262,389.99983391273236,548940.4927207272,1.757383147815619
Colombia,Choco,2021,"Jul-Aug
2021",360.8345603212929,269.08783850481746,548940.4927207272,1.3409545460183734
Colombia,Cordoba,2020,"Jan-Mar
2020",1904.8654768700067,1928.758765641572,1828092.8550219794,0.9876120906371526
Colombia,Cordoba,2020,"Apr-Jun
2020",1909.612548493896,1922.5703728843087,1828092.8550219794,0.993260156000962
Colombia,Cordoba,2020,"Jul-Sep
2020",4424.521444963248,2036.7211016595188,1828092.8550219794,2.172374725905354
Colombia,Cordoba,2020,"Oct-Dec
2020",2048.5999178147104,2066.510024634879,1828092.8550219794,0.9913331623816667
Colombia,Cordoba,2021,"Jan-Mar
2021",2371.117436268184,1988.0268993315306,1843199.1985665297,1.1926988699526484
Colombia,Cordoba,2021,"Apr-Jun
2021",3358.14144645894,1976.8377410810688,1843199.1985665297,1.6987440985533193
Colombia,Cordoba,2021,"Jul-Aug
2021",2143.284945309076,1446.6033230634962,1843199.1985665297,1.481598245447277
Colombia,Cundinamarca,2020,"Jan-Mar
2020",3437.27085527128,3537.592391485239,3236073.478007455,0.9716412957989659
Colombia,Cundinamarca,2020,"Apr-Jun
2020",3378.2453238770177,3636.553558331123,3236073.478007455,0.9289689453734741
Colombia,Cundinamarca,2020,"Jul-Sep
2020",5052.961236221912,3548.1713792224014,3236073.478007455,1.4241029240614902
Colombia,Cundinamarca,2020,"Oct-Dec
2020",4698.018174220266,3566.8560793117704,3236073.478007455,1.3171314092175972
Colombia,Cundinamarca,2021,"Jan-Mar
2021",5433.815408448835,3588.4272147838883,3364507.124763085,1.51426100717946
Colombia,Cundinamarca,2021,"Apr-Jun
2021",7559.305951236336,3689.30582888014,3364507.124763085,2.048977857043341
Colombia,Cundinamarca,2021,"Jul-Aug
2021",3677.219250843395,2443.0703883858396,3364507.124763085,1.5051630392331714
Colombia,Guainia,2020,"Jan-Mar
2020",31.55614645920516,34.724189234074416,50587.1249235423,0.9087655365107705
Colombia,Guainia,2020,"Apr-Jun
2020",34.911767227160595,37.752201123196585,50587.1249235423,0.9247611050077102
Colombia,Guainia,2020,"Jul-Sep
2020",72.75446213719013,32.324059879527525,50587.1249235423,2.250783546632063
Colombia,Guainia,2020,"Oct-Dec
2020",39.19721603864128,38.07432802745691,50587.1249235423,1.02949199813519
Colombia,Guainia,2021,"Jan-Mar
2021",38.50921836651638,35.7795458943892,51405.29451449374,1.0762914230433325
Colombia,Guainia,2021,"Apr-Jun
2021",44.77169793763225,39.87577480341038,51405.29451449374,1.1227793856886548
Colombia,Guainia,2021,"Jul-Aug
2021",22.90956249442223,21.80560371058268,51405.29451449374,1.0506272973907058
Colombia,Guajira,2020,"Jan-Mar
2020",673.6441415579488,779.8258376552799,964274.8662194837,0.8638392177199592
Colombia,Guajira,2020,"Apr-Jun
2020",678.3703884257895,830.8627370107231,964274.8662194837,0.816465052779271
Colombia,Guajira,2020,"Jul-Sep
2020",1143.1322676978152,841.5078965766882,964274.8662194837,1.3584332034769437
Colombia,Guajira,2020,"Oct-Dec
2020",1038.040648609926,938.8229126630031,964274.8662194837,1.1056831215010383
Colombia,Guajira,2021,"Jan-Mar
2021",877.8664249881654,859.1339789254333,986676.8640893064,1.0218038705513217
Colombia,Guajira,2021,"Apr-Jun
2021",1517.0339410961458,914.1372004115664,986676.8640893064,1.659525441490775
Colombia,Guajira,2021,"Jul-Aug
2021",607.5349308087436,623.1251175445516,986676.8640893064,0.9749806478717442
Colombia,Guaviare,2020,"Jan-Mar
2020",85.8791334503267,89.13309125658937,86566.0415269382,0.9634932687693348
Colombia,Guaviare,2020,"Apr-Jun
2020",70.40558268968775,90.75531726754761,86566.0415269382,0.7757736384980217
Colombia,Guaviare,2020,"Jul-Sep
2020",104.59803748789736,93.42611923203982,86566.0415269382,1.1195802453070982
Colombia,Guaviare,2020,"Oct-Dec
2020",84.86639872303958,95.10758236585127,86566.0415269382,0.8923200086885099
Colombia,Guaviare,2021,"Jan-Mar
2021",104.73048268243468,94.67255748010946,88370.3071131379,1.106239077828212
Colombia,Guaviare,2021,"Apr-Jun
2021",162.45288143999096,97.39806644167012,88370.3071131379,1.6679271711957542
Colombia,Guaviare,2021,"Jul-Aug
2021",76.7622557977855,67.34607410117201,88370.3071131379,1.1398178263883332
Colombia,Huila,2020,"Jan-Mar
2020",1544.0779759274128,1536.1383947658437,1122136.865084855,1.0051685324633652
Colombia,Huila,2020,"Apr-Jun
2020",1347.1680056829878,1470.6269911958964,1122136.865084855,0.9160501022679359
Colombia,Huila,2020,"Jul-Sep
2020",1950.7931574098843,1479.5388142294762,1122136.865084855,1.3185143496393037
Colombia,Huila,2020,"Oct-Dec
2020",2453.6602867584415,1479.504105050851,1122136.865084855,1.6584342540057424
Colombia,Huila,2021,"Jan-Mar
2021",2193.18226311398,1543.4629631818646,1131347.4433635492,1.4209490706487133
Colombia,Huila,2021,"Apr-Jun
2021",2264.0804105743778,1471.6176422729793,1131347.4433635492,1.5384977357823764
Colombia,Huila,2021,"Jul-Aug
2021",1849.4975198794564,1024.6262740762954,1131347.4433635492,1.805045963267715
Colombia,Magdalena,2020,"Jan-Mar
2020",1445.9058029359494,1462.4643802691244,1425588.0453104295,0.9886776200797944
Colombia,Magdalena,2020,"Apr-Jun
2020",1856.56223426185,1525.9053481150877,1425588.0453104295,1.2166955418009475
Colombia,Magdalena,2020,"Jul-Sep
2020",2566.107551332133,1618.213366079338,1425588.0453104295,1.5857658854650207
Colombia,Magdalena,2020,"Oct-Dec
2020",1834.7647403799253,1595.6384841452796,1425588.0453104295,1.1498624272419302
Colombia,Magdalena,2021,"Jan-Mar
2021",2368.5961723855835,1505.8419600253983,1447985.1518988318,1.5729380873047485
Colombia,Magdalena,2021,"Apr-Jun
2021",3252.541517497617,1566.3224411188066,1447985.1518988318,2.076546585883276
Colombia,Magdalena,2021,"Jul-Aug
2021",1418.3574296801546,1138.0897932103412,1447985.1518988318,1.2462614445203222
Colombia,Meta,2020,"Jan-Mar
2020",1224.8280617163148,1211.5455208895778,1062956.5318723137,1.0109633031509904
Colombia,Meta,2020,"Apr-Jun
2020",1167.527543306354,1237.8425932273867,1062956.5318723137,0.943195483572994
Colombia,Meta,2020,"Jul-Sep
2020",1759.842392815478,1252.7705788037033,1062956.5318723137,1.404760314930119
Colombia,Meta,2020,"Oct-Dec
2020",1777.372612217032,1175.0391314117505,1062956.5318723137,1.512607167457996
Colombia,Meta,2021,"Jan-Mar
2021",1638.3407463678022,1205.3357753014868,1071870.8176864295,1.359240122079683
Colombia,Meta,2021,"Apr-Jun
2021",2310.774217101509,1237.1948900516554,1071870.8176864295,1.8677527976251416
Colombia,Meta,2021,"Jul-Aug
2021",1489.5593279148884,873.5637439308575,1071870.8176864295,1.7051524153374054
Colombia,Nariño,2020,"Jan-Mar
2020",2006.5435748630648,1988.6944501459523,1627616.1608938007,1.0089752976963366
Colombia,Nariño,2020,"Apr-Jun
2020",1904.9102973453496,1968.0235075148403,1627616.1608938007,0.9679306624496634
Colombia,Nariño,2020,"Jul-Sep
2020",2763.2775107593734,1997.540824477706,1627616.1608938007,1.3833396929356292
Colombia,Nariño,2020,"Oct-Dec
2020",2434.023457282118,2012.2057951076276,1627616.1608938007,1.2096294838232133
Colombia,Nariño,2021,"Jan-Mar
2021",2808.2453946435317,2036.2219457632314,1627354.3808224797,1.379145038922034
Colombia,Nariño,2021,"Apr-Jun
2021",3027.614287711126,2026.5773205097883,1627354.3808224797,1.4939544901990345
Colombia,Nariño,2021,"Jul-Aug
2021",1741.458198855501,1406.5027255944933,1627354.3808224797,1.2381477598057482
Colombia,Norte Santander,2020,"Jan-Mar
2020",1985.5199561260902,2156.787682142691,1618478.5085693274,0.9205912907261912
Colombia,Norte Santander,2020,"Apr-Jun
2020",1959.8447570448805,2081.7563496759376,1618478.5085693274,0.9414381069859425
Colombia,Norte Santander,2020,"Jul-Sep
2020",3276.6561043891957,2013.4585792364749,1618478.5085693274,1.6273769613039364
Colombia,Norte Santander,2020,"Oct-Dec
2020",3511.640792074537,2260.484696725953,1618478.5085693274,1.5534901860475925
Colombia,Norte Santander,2021,"Jan-Mar
2021",2784.432870757865,2216.33529172666,1641949.5559121459,1.2563229404647627
Colombia,Norte Santander,2021,"Apr-Jun
2021",3001.537764375942,2146.778522674571,1641949.5559121459,1.398159024171933
Colombia,Norte Santander,2021,"Jul-Aug
2021",2132.6343370659324,1380.116032476668,1641949.5559121459,1.5452572732155305
Colombia,Putumayo,2020,"Jan-Mar
2020",342.3820274284387,349.6777511315237,358877.1525943869,0.9791358652946127
Colombia,Putumayo,2020,"Apr-Jun
2020",333.5392297099969,330.62058141033566,358877.1525943869,1.0088277876931047
Colombia,Putumayo,2020,"Jul-Sep
2020",598.0109290514067,330.56480837722944,358877.1525943869,1.8090580542650407
Colombia,Putumayo,2020,"Oct-Dec
2020",400.253170647713,325.7396202741824,358877.1525943869,1.2287518795251582
Colombia,Putumayo,2021,"Jan-Mar
2021",414.41903679559584,351.988226346486,363764.54094033875,1.1773661894805962
Colombia,Putumayo,2021,"Apr-Jun
2021",578.8557748426028,348.41895738866083,363764.54094033875,1.661378528829274
Colombia,Putumayo,2021,"Jul-Aug
2021",331.1015431555874,234.56625256988002,363764.54094033875,1.4115480787542036
Colombia,Quindio,2020,"Jan-Mar
2020",983.8145640860445,1002.5053077573161,555066.6978603408,0.9813559653733063
Colombia,Quindio,2020,"Apr-Jun
2020",855.423587652627,1022.2240435733397,555066.6978603408,0.8368259316835903
Colombia,Quindio,2020,"Jul-Sep
2020",1112.0403820143797,1022.884914863106,555066.6978603408,1.0871607996713937
Colombia,Quindio,2020,"Oct-Dec
2020",1701.34863118319,1043.1392221012122,555066.6978603408,1.6309890330421437
Colombia,Quindio,2021,"Jan-Mar
2021",1428.7176080926802,1015.1476420943469,561670.1188992419,1.4073988342671995
Colombia,Quindio,2021,"Apr-Jun
2021",1451.6341963890943,1041.1736170084623,561670.1188992419,1.3942287555844741
Colombia,Quindio,2021,"Jul-Aug
2021",928.307758599645,715.1343729501893,561670.1188992419,1.2980885742773598
Colombia,Risaralda,2020,"Jan-Mar
2020",1594.191546195927,1584.8104398962714,960678.027371208,1.005919386990074
Colombia,Risaralda,2020,"Apr-Jun
2020",1370.7258463421097,1595.02973587565,960678.027371208,0.8593732239039416
Colombia,Risaralda,2020,"Jul-Sep
2020",1893.2886798311042,1548.0206334195955,960678.027371208,1.2230384007536177
Colombia,Risaralda,2020,"Oct-Dec
2020",2260.7526479940725,1587.0915779244087,960678.027371208,1.4244626330578067
Colombia,Risaralda,2021,"Jan-Mar
2021",2216.937474463755,1604.0510029061707,968109.0268608357,1.3820866483965755
Colombia,Risaralda,2021,"Apr-Jun
2021",2462.511261471499,1617.6278115996229,968109.0268608357,1.5222978016410318
Colombia,Risaralda,2021,"Jul-Aug
2021",1608.6850664103456,1064.913863294214,968109.0268608357,1.510624588390675
Colombia,San Andres,2020,"Jan-Mar
2020",80.28160245539715,73.02471939800692,63639.74841558903,1.0993757061610605
Colombia,San Andres,2020,"Apr-Jun
2020",75.70213029221522,73.61956920114685,63639.74841558903,1.028288145579585
Colombia,San Andres,2020,"Jul-Sep
2020",86.37781533623848,75.02297246080613,63639.74841558903,1.1513515461062864
Colombia,San Andres,2020,"Oct-Dec
2020",103.84266649794331,75.61089780300495,63639.74841558903,1.3733822704829246
Colombia,San Andres,2021,"Jan-Mar
2021",86.18235150355147,74.52083829713924,64617.57024336372,1.1564866079460074
Colombia,San Andres,2021,"Apr-Jun
2021",174.21884641295102,75.88483309467392,64617.57024336372,2.2958322408852845
Colombia,San Andres,2021,"Jul-Aug
2021",65.40331422750506,51.99787659381639,64617.57024336372,1.2578074050678225
Colombia,Santander,2020,"Jan-Mar
2020",2940.278307180104,2908.3735688104853,2279260.8795132223,1.0109699588497731
Colombia,Santander,2020,"Apr-Jun
2020",2630.3576665850733,2961.697827028437,2279260.8795132223,0.8881249270538151
Colombia,Santander,2020,"Jul-Sep
2020",4547.0312576605165,3045.1603565514306,2279260.8795132223,1.493199281895919
Colombia,Santander,2020,"Oct-Dec
2020",4209.4137778268405,2993.511088034734,2279260.8795132223,1.4061794508302148
Colombia,Santander,2021,"Jan-Mar
2021",4081.5535784144167,2962.3053756187264,2305150.7947820253,1.377830122447088
Colombia,Santander,2021,"Apr-Jun
2021",6328.342419621815,3005.6561700723023,2305150.7947820253,2.1054778263175673
Colombia,Santander,2021,"Jul-Aug
2021",3382.238016992737,2124.0150583456943,2305150.7947820253,1.592379490768309
Colombia,Sucre,2020,"Jan-Mar
2020",1016.0947539427048,1071.9105020577756,948456.2628248103,0.9479287235194358
Colombia,Sucre,2020,"Apr-Jun
2020",1087.6599811593642,1107.7771953373658,948456.2628248103,0.9818400177737229
Colombia,Sucre,2020,"Jul-Sep
2020",1814.151217434056,1210.8165335029041,948456.2628248103,1.4982874508540933
Colombia,Sucre,2020,"Oct-Dec
2020",1215.8718827505045,1170.2751835761635,948456.2628248103,1.038962373819639
Colombia,Sucre,2021,"Jan-Mar
2021",1267.2760416880524,1125.4816323289942,961737.8579422745,1.1259855383562667
Colombia,Sucre,2021,"Apr-Jun
2021",1762.4849705507863,1151.1266832431068,961737.8579422745,1.5310955746289192
Colombia,Sucre,2021,"Jul-Aug
2021",1091.4152204437567,860.9865103754453,961737.8579422745,1.2676333569591347
Colombia,Tolima,2020,"Jan-Mar
2020",2109.5711380798966,2198.8068587418184,1339792.3039573918,0.9594162987498668
Colombia,Tolima,2020,"Apr-Jun
2020",1869.4403554392175,2091.0472262552234,1339792.3039573918,0.8940211067289603
Colombia,Tolima,2020,"Jul-Sep
2020",2552.295229368791,2095.878348561967,1339792.3039573918,1.2177687846816025
Colombia,Tolima,2020,"Oct-Dec
2020",3382.447928580571,2151.7466509428627,1339792.3039573918,1.5719545454379742
Colombia,Tolima,2021,"Jan-Mar
2021",3223.128255929168,2206.6077657260767,1343666.219382887,1.460671128776078
Colombia,Tolima,2021,"Apr-Jun
2021",3277.8204780218784,2095.2664877061907,1343666.219382887,1.5643931200418797
Colombia,Tolima,2021,"Jul-Aug
2021",2339.49051823948,1419.531744674715,1343666.219382887,1.6480719976963765
Colombia,Valle,2020,"Jan-Mar
2020",7086.677666371217,7049.8254260227295,4530989.520891608,1.005227397576748
Colombia,Valle,2020,"Apr-Jun
2020",6937.466888525875,7097.342016241636,4530989.520891608,0.9774739434354578
Colombia,Valle,2020,"Jul-Sep
2020",9313.968247613699,6886.487336123624,4530989.520891608,1.3524991469535605
Colombia,Valle,2020,"Oct-Dec
2020",9647.323361838993,7070.10973125616,4530989.520891608,1.3645224372104525
Colombia,Valle,2021,"Jan-Mar
2021",9809.321662046108,7106.423291996212,4554992.587641371,1.3803458165930114
Colombia,Valle,2021,"Apr-Jun
2021",12305.48465336558,7182.09539461969,4554992.587641371,1.7133557795102479
Colombia,Valle,2021,"Jul-Aug
2021",7692.84466908031,4825.414341475302,4554992.587641371,1.5942350489902868
Colombia,Vaupes,2020,"Jan-Mar
2020",26.224446491599604,27.93752700150984,44610.210701895645,0.93868174123580606
Colombia,Vaupes,2020,"Apr-Jun
2020",17.530406965014148,25.221058890721572,44610.210701895645,0.6950702205236635
Colombia,Vaupes,2020,"Jul-Sep
2020",51.21019220429323,27.842916310793914,44610.210701895645,1.8392538925400024
Colombia,Vaupes,2020,"Oct-Dec
2020",33.46098749965133,28.658924121544924,44610.210701895645,1.1675590946031487
Colombia,Vaupes,2021,"Jan-Mar
2021",19.829169009698816,26.651872154880525,46659.97503351718,0.7440066084088458
Colombia,Vaupes,2021,"Apr-Jun
2021",22.671423560188813,26.702939618059883,46659.97503351718,0.8490235114360049
Colombia,Vaupes,2021,"Jul-Aug
2021",18.58507488082217,19.61561595584692,46659.97503351718,0.9474632314710683
Colombia,Vichada,2020,"Jan-Mar
2020",50.42519682350193,48.406411479469035,112862.48117149538,1.0417049164011907
Colombia,Vichada,2020,"Apr-Jun
2020",57.89261841211217,56.361511025632495,112862.48117149538,1.0271658328284234
Colombia,Vichada,2020,"Jul-Sep
2020",73.72757350936305,67.7606202893559,112862.48117149538,1.088059306342337
Colombia,Vichada,2020,"Oct-Dec
2020",71.95469091964847,58.51508612729627,112862.48117149538,1.229677604218425
Colombia,Vichada,2021,"Jan-Mar
2021",54.021032795184546,51.32161792516959,114468.85038456577,1.0525980079963746
Colombia,Vichada,2021,"Apr-Jun
2021",96.58120231786877,59.19570110198019,114468.85038456577,1.6315577063861817
Colombia,Vichada,2021,"Jul-Aug
2021",57.92664294452368,47.36787134382054,114468.85038456577,1.2229099873216194
